{"initial_reset_timestamp": 1531765584.4235947, "episode_types": ["t"], "episode_rewards": [-87.0], "episode_lengths": [87], "timestamps": [1531765586.8375106]}