{"episode_types": ["t"], "timestamps": [1531730494.2719178], "episode_lengths": [104], "episode_rewards": [-104.0], "initial_reset_timestamp": 1531730490.503483}