{"episode_types": ["t"], "episode_rewards": [-86.0], "episode_lengths": [86], "initial_reset_timestamp": 1531730304.8888736, "timestamps": [1531730307.925055]}