{"initial_reset_timestamp": 1531731117.2478604, "timestamps": [1531731120.7761664], "episode_rewards": [-103.0], "episode_lengths": [103], "episode_types": ["t"]}