{"initial_reset_timestamp": 1531765564.478919, "episode_types": ["t"], "episode_rewards": [-105.0], "episode_lengths": [105], "timestamps": [1531765567.9380317]}